<?xml version="1.0" encoding="utf-8" standalone="no" ?>
<modDesc descVersion="42">
	<author>sperrgebiet</author>
	<version>1.0.0.0</version>
	<title>Vehicle Explorer</title>
	<description>
	<en>
		This is a revamp of the good old VehicleSort from FS17.
		
		More Details: https://github.com/sperrgebiet/FS19_VehicleExplorer
	</en>
	<de>
		Dies ist eine Reinkarnation von VehicleSort aus LS17
		
		Mehr Details: https://github.com/sperrgebiet/FS19_VehicleExplorer
	</de>
	</description>
	<iconFilename>icon.dds</iconFilename>
	<multiplayer supported="false" />

	<extraSourceFiles>
		<sourceFile filename="RegisterSpecialization.lua" />
	</extraSourceFiles>

	<registerSpecializations debugPriority="0">
		<registerSpecialization name="vehicleSort" className="VehicleSort" filename="VehicleSort.lua" searchedSpecializations="Enterable"/>
		<registerSpecialization name="vehicleStatus" className="VehicleStatus" filename="VehicleStatus.lua" searchedSpecializations="Motorized TurnOnVehicle Lights"/>
	</registerSpecializations>	

	<actions>
		<action name="vsToggleList" axisType="HALF" />
		<action name="vsLockListItem" axisType="HALF" />
		<action name="vsMoveCursorUp" axisType="HALF" />
		<action name="vsMoveCursorDown" axisType="HALF" />
		<action name="vsMoveCursorUpFast" axisType="HALF" />
		<action name="vsMoveCursorDownFast" axisType="HALF" />
		<action name="vsChangeVehicle" axisType="HALF" />
		<action name="vsShowConfig" axisType="HALF" />
		<action name="vsTogglePark" axisType="HALF" />
		<action name="vsRepair" axisType="HALF" />
	</actions>
	<inputBinding>	
		<actionBinding action="vsToggleList">
			<binding device="KB_MOUSE_DEFAULT" input="KEY_KP_0" index="1" />
		</actionBinding>
		<actionBinding action="vsLockListItem">
			<binding device="KB_MOUSE_DEFAULT" input="KEY_KP_5" index="1" />
		</actionBinding>
		<actionBinding action="vsMoveCursorUp">
			<binding device="KB_MOUSE_DEFAULT" input="KEY_KP_8" index="1" />
		</actionBinding>
		<actionBinding action="vsMoveCursorDown">
			<binding device="KB_MOUSE_DEFAULT" input="KEY_KP_2" index="1" />
		</actionBinding>
		<actionBinding action="vsMoveCursorUpFast">
			<binding device="KB_MOUSE_DEFAULT" input="KEY_1" index="1" />
		</actionBinding>
		<actionBinding action="vsMoveCursorDownFast">
			<binding device="KB_MOUSE_DEFAULT" input="KEY_2" index="1" />
		</actionBinding>
		<actionBinding action="vsChangeVehicle">
			<binding device="KB_MOUSE_DEFAULT" input="KEY_KP_enter" index="1" />
		</actionBinding>
		<actionBinding action="vsShowConfig">
			<binding device="KB_MOUSE_DEFAULT" input="KEY_KP_minus" index="1" />
		</actionBinding>		
		<actionBinding action="vsTogglePark">
			<binding device="KB_MOUSE_DEFAULT" input="KEY_KP_plus" index="1" />
		</actionBinding>
		<actionBinding action="vsRepair">
			<binding device="KB_MOUSE_DEFAULT" input="KEY_lalt KEY_r" index="1" />
		</actionBinding>		
    </inputBinding>	
	
	<l10n>
		<text name="vs_title">
			<de>Fahrzeugliste</de>
			<en>Vehicle List</en>
		</text>
		<text name="input_vsToggleList">
			<de>VeEx: Fahrzeugliste anzeigen</de>
			<en>VeEx: Show vehicle list</en>
		</text>
		<text name="input_vsLockListItem">
			<de>VeEx: Listeneintrag auswählen</de>
			<en>VeEx: Select list entry</en>
		</text>
		<text name="input_vsMoveCursorUp">
			<de>VeEx: Auswahl hoch</de>
			<en>VeEx: Move cursor up</en>
		</text>
		<text name="input_vsMoveCursorDown">
			<de>VeEx: Auswahl runter</de>
			<en>VeEx: Move cursor down</en>
		</text>
		<text name="input_vsMoveCursorUpFast">
			<de>VeEx: Auswahl schnell hoch</de>
			<en>VeEx: Move cursor up fast</en>
		</text>		
		<text name="input_vsMoveCursorDownFast">
			<de>VeEx: Auswahl schnell runter</de>
			<en>VeEx: Move cursor down fast</en>
		</text>	
		<text name="input_vsChangeVehicle">
			<de>VeEx: Ins Fahrzeug wechseln</de>
			<en>VeEx: Enter selected vehicle</en>
		</text>
		<text name="input_vsShowConfig">
			<de>VeEx: Konfiguration anzeigen</de>
			<en>VeEx: Show configuration</en>
		</text>
		<text name="input_vsTogglePark">
			<de>VeEx: Fahrzeug parken/entparken</de>
			<en>VeEx: Toggle vehicle parking</en>
		</text>
		<text name="input_vsRepair">
			<de>VeEx: Fahrzeug inkl. Geräte reparieren</de>
			<en>VeEx: Repair vehicles incl. implements</en>
		</text>			
		<text name="configHeadline">
			<de>VehicleSort-Konfiguration</de>
			<en>VehicleSort Configuration</en>
		</text>
		<text name="with">
			<de>mit</de>
			<en>with</en>
		</text>
		<text name="horsePower">
			<de>PS</de>
			<en>HP</en>
		</text>
		<text name="showTrain">
			<de>Züge in Fahrzeugliste anzeigen</de>
			<en>Show trains in vehicle list</en>
		</text>
		<text name="showCrane">
			<de>Zug-Kräne in Fahrzeugliste anzeigen</de>
			<en>Show train cranes in vehicle list</en>
		</text>
		<text name="showBrand">
			<de>Markenname in Fahrzeugliste anzeigen</de>
			<en>Show brand name in vehicle list</en>
		</text>
		<text name="showHorsepower">
			<de>PS anzeigen</de>
			<en>Show horse power</en>
		</text>
		<text name="showNames">
			<de>Namen von Spielern in der Fahrzeugliste anzeigen</de>
			<en>Show names of players in vehicle list</en>
		</text>
		<text name="showFillLevels">
			<de>Füllstandsanzeige in Fahrzeugliste</de>
			<en>Show fill level in vehicle list</en>
		</text>
		<text name="showPercentages">
			<de>Füllstandsanzeige in Prozent</de>
			<en>Show fill level as percentage</en>
		</text>
		<text name="showEmpty">
			<de>Füllstandsanzeige bei leeren Fahrzeugen anzeigen</de>
			<en>Show fill level of empty vehicles</en>
		</text>
		<text name="showHelp">
			<de>Tastenbelegung anzeigen (erst nach Neustart aktiv)</de>
			<en>Show input binding (needs restart to take effect)</en>
		</text>
		<text name="bgTrans">
			<de>Hintergrund Alpha Transparenz</de>
			<en>Background alpha transparency</en>
		</text>
		<text name="txtSize">
			<de>Textgröße</de>
			<en>Text size</en>
		</text>
		<text name="showSteerableImplements">
			<de>Steuerbare Werkzeuge anzeigenn</de>
			<en>Show steerable implements</en>
		</text>
		<text name="showImplements">
			<de>Angehängte Geräte anzeigenn</de>
			<en>Show attached implements</en>
		</text>
		<text name="saveStatus">
			<de>Fahrzeugstatus speichern (gestartet, eingeschaltet, Licht)</de>
			<en>Save vehicle status (started, turned on, lights)</en>
		</text>
		<text name="showImg">
			<de>Bilder anzeigen</de>
			<en>Show images</en>
		</text>		
		<text name="showInfo">
			<de>Infobox anzeigen</de>
			<en>Show infobox</en>
		</text>			
		<text name="vs_on">
			<de>An</de>
			<en>On</en>
		</text>
		<text name="vs_off">
			<de>Aus</de>
			<en>Off</en>
		</text>
		<text name="vs_train">
			<de>Zug</de>
			<en>Train</en>
		</text>
		<text name="vs_crane">
			<de>Zug-Kran</de>
			<en>Train crane</en>
		</text>
		<text name="vs_implement">
			<de>Geräte</de>
			<en>Implement</en>
		</text>
		<text name="hired">
			<de>H</de>
			<en>H</en>
		</text>
		<text name="courseplay">
			<de>CP</de>
			<en>CP</en>
		</text>
		<text name="followme">
			<de>FM</de>
			<en>FM</en>
		</text>
		<text name="helper">
			<de>Helfer</de>
			<en>Helper</en>
		</text>		
		<text name="cp_course">
			<de>CP Kurs</de>
			<en>CP Course</en>
		</text>
		<text name="wear">
			<de>Abnutzung</de>
			<en>Wear</en>
		</text>
		<text name="motor">
			<de>Motor</de>
			<en>Engine</en>
		</text>		
		<text name="turnedOn">
			<de>Gestartet</de>
			<en>Started</en>
		</text>
		<text name="lights">
			<de>Lichter</de>
			<en>Lights</en>
		</text>
		<text name="speed">
			<de>Geschwindigkeit</de>
			<en>Speed</en>
		</text>
		<text name="fillLevel">
			<de>Füllstand</de>
			<en>Filllevel</en>
		</text>			
	</l10n>
</modDesc>